{"stats":{"minecraft:mined":{"minecraft:spruce_leaves":2,"minecraft:sand":1},"minecraft:used":{"minecraft:sand":1},"minecraft:picked_up":{"minecraft:sand":1},"minecraft:custom":{"minecraft:jump":5,"minecraft:time_since_rest":390,"minecraft:leave_game":1,"minecraft:walk_on_water_one_cm":40,"minecraft:sprint_one_cm":379,"minecraft:play_time":390,"minecraft:damage_taken":10,"minecraft:time_since_death":390,"minecraft:walk_one_cm":759,"minecraft:total_world_time":390,"minecraft:walk_under_water_one_cm":313,"minecraft:swim_one_cm":435,"minecraft:fall_one_cm":335,"minecraft:fly_one_cm":343}},"DataVersion":3465}